customer_id,first_name,last_name
130,Tammy,Robinson
459,Phillip,Tran
408,Patricia,Reese
333,Kevin,Roberts
222,Christopher,Payne
549,Abigail,Miller
269,Carol,Allen
239,Matthew,Washington
126,Eric,Jackson
399,Michael,Hatfield
142,Christie,Allen
261,Joseph,Watts
334,Noah,Perez
446,Linda,Carrillo
319,Jamie,Scott
316,Kendra,Berry
575,Herbert,Fitzpatrick
19,Pamela,White
456,Audrey,Yates
185,Kaylee,Boyle
388,Stacey,Lucas
509,Megan,Macias
438,Joseph,Vazquez
350,Kenneth,Fox
37,Bryan,Garcia
371,Teresa,Garcia
301,John,Franklin
232,Michael,Liu
44,Manuel,Myers
430,Ashley,Williams
369,Emily,Haynes
230,Eric,Bryant
272,Erica,Curtis
597,William,Carpenter
484,Susan,Ray
88,Scott,Williams
535,Mary,Singh
302,Laura,Holmes
207,Mrs.,Julie
413,Bradley,Peterson
174,Amanda,Johnston
523,Jon,Turner
532,George,Knight
436,Toni,Maldonado
7,Troy,Sullivan
35,Andrea,Smith
282,Jessica,Tucker
498,Gary,Santos
18,Thomas,Chung
256,April,Reynolds
507,Rebecca,Carroll
569,Gregory,Bradford
291,Mrs.,Mary
131,Erica,Burnett
511,Nicole,Hill
6,Eric,Smith
323,Diane,Garcia
470,Jasmine,Peterson
250,Steven,Rivers
419,Michelle,Bray
383,Bill,Evans
368,Vincent,Wright
346,Mary,Mclaughlin
86,Terri,Huber
119,John,Mcdaniel
120,Carlos,Richardson
305,Clarence,Baker
73,Courtney,Ramos
100,Matthew,Pham
48,Jesus,Weber
391,Johnny,Smith
265,Sheila,Walsh
510,Diana,Cooper
1,Deborah,Michael
451,Lauren,Dickerson
135,Joshua,Johnson
245,Tyler,Harrington
314,Richard,Neal
286,Cindy,Smith
427,Tina,Smith
492,Candice,Holt
414,Carlos,Brown
266,Daniel,Mitchell
331,Brandon,Lambert
53,Ruth,Monroe
499,Wayne,Erickson
25,Joanna,Camacho
267,Trevor,Brooks
288,Jonathan,Lawrence
197,Melissa,Kim
400,James,Villa
49,Isaac,Henderson
263,Colin,Wagner
208,Teresa,Mccarthy
468,John,Larson
343,Stephanie,Morgan
384,Amanda,Mccormick
310,Cassidy,Schmidt
108,Justin,Palmer
196,Rebecca,Smith
317,Cody,Noble
242,Chad,Perez
503,Jennifer,Fuller
227,Michael,Hunt
500,Richard,Rush
93,Ryan,Donovan
506,James,Sanders
455,Daniel,Baker
524,Eugene,Christensen
51,Austin,Morrison
365,Kelly,Moore
405,Scott,Pena
273,Cheryl,Snyder
43,Michael,Smith
246,Tamara,Curtis
439,Isabel,Floyd
94,Sabrina,Calderon
40,Marie,Warner
23,Mr.,Michael
56,Mary,Pace
325,Nathan,Rogers
479,Christopher,Baker
237,Christopher,Smith
304,Debra,Cooper
504,Nicole,Mitchell
560,Ronald,Sparks
586,Nancy,Hart
257,Kimberly,Perez
354,Lisa,Allen
89,Michelle,Mcintosh
472,Matthew,Valentine
297,Victoria,Bridges
357,Bryan,Perez
82,Hannah,Gould
433,Douglas,Johnson
274,Russell,Rasmussen
429,Melissa,Armstrong
14,Marie,Lane
57,Norman,Thomas
348,Gina,Small
551,Sarah,Berger
462,Kimberly,Goodwin
344,Raymond,Herring
505,Adrian,Miller
290,Christopher,Rhodes
182,Patricia,Evans
296,Stephanie,Tucker
104,Adrian,Hernandez
151,Cameron,Gordon
33,Elizabeth,Walker
322,Scott,Kelley
401,Rachel,Davis
469,Sabrina,Ward
381,Kelli,Ramirez
107,Rachel,Jones
176,Daniel,Robertson
533,Michael,Singleton
552,Jennifer,Bailey
47,Robert,Green
548,Brittany,Maxwell
75,Kristen,Watts
587,Christine,Schroeder
254,Joseph,Gibson
556,Michael,Murphy
125,Andrew,Bishop
515,Melanie,Aguilar
243,Margaret,Diaz
247,Betty,Thompson
412,Amy,Gray
437,Nicole,Parker
270,Christopher,Reynolds
29,Bradley,Juarez
564,Danny,Davis
184,Ashley,Benjamin
546,Matthew,Johnston
54,Joy,Reid
71,Misty,Brennan
321,Mark,Rodriguez
444,Jamie,Montes
20,Kara,Young
109,Michael,Raymond
528,Shaun,Morris
114,Robin,Ferguson
345,Joshua,Hernandez
379,Darius,Fischer
170,Cody,Daniels
59,Anita,Maddox
394,Ashley,Ballard
98,Patrick,Myers
91,Cindy,Smith
121,Stephen,Stephens
309,Ashley,Dunn
489,Craig,Taylor
542,Anthony,Velasquez
143,Danny,Hernandez
83,Carla,Davis
460,Eric,Bridges
318,Douglas,Carrillo
467,Kevin,Mejia
221,Ruth,Abbott
571,Jonathan,Lewis
312,Austin,Ellis
58,Joshua,Gates
531,Kevin,Brown
566,Carol,Gutierrez
536,Jennifer,Maldonado
211,Kelly,Thompson
103,Zachary,Perez
214,Krista,Barrett
543,Christopher,Edwards
158,Sarah,Alvarez
240,Joseph,Decker
102,Eric,Clark
545,Karen,Carter
539,Barbara,Hart
204,Shane,Reeves
187,Carol,Gilbert
416,Carrie,Clark
390,Sara,Salazar
373,Jennifer,Rivers
502,Jennifer,Marquez
482,David,Ritter
21,Christopher,Molina
236,Samantha,Bennett
449,Cathy,Young
251,Lindsey,Richardson
303,Bethany,Richardson
417,Samantha,Gillespie
200,Jessica,Hall
92,Marie,Walker
193,Glenda,Mcdaniel
311,Thomas,King
133,Arthur,Williams
45,Juan,Green
167,Dean,Garcia
582,Michelle,Baker
359,Veronica,Boyd
162,Kenneth,Howard
17,Randy,King
81,Seth,Graham
577,Jamie,Beck
65,Stephen,Newman
448,Jamie,Thomas
387,Jonathan,Smith
596,Robert,Lowe
534,Aaron,Freeman
464,Travis,Grimes
547,Susan,Nichols
375,Joseph,Murphy
277,Noah,Tucker
409,Rhonda,Thompson
201,Kenneth,Patterson
594,Patricia,Dunlap
203,Jeffrey,Wang
238,Elizabeth,Thompson
249,Steven,Ray
60,Brittany,Ortiz
77,Angie,Adams
2,Christopher,Bailey
496,Rachel,Summers
144,Randall,Hoover
292,Thomas,Hardin
432,Mrs.,Meghan
105,Travis,Robertson
231,Dr.,Dawn
248,Brian,Walker
67,James,Ward
299,Brian,Blanchard
194,Holly,Ruiz
16,Melissa,Fuller
275,Heidi,Roberts
165,Laura,Rodgers
516,James,Pacheco
209,Robin,Williams
378,David,Boyd
473,Darrell,Jones
36,Louis,Davis
9,Jasmine,Martin
118,Carrie,Allen
157,Amy,Walker
452,Maxwell,Butler
382,Terry,Li
198,Jason,Odom
152,Rebecca,Rojas
147,Roberto,Mcfarland
134,Morgan,Lee
361,Holly,Jordan
508,Jose,Jones
22,Tamara,Carrillo
295,Kaitlyn,Morse
337,Julie,Campbell
306,Kristen,Le
584,Sarah,Paul
183,David,Mccullough
298,Mrs.,Amy
213,John,Stone
28,Steven,Hayes
112,Holly,Benjamin
544,Stephanie,Moore
422,Leslie,Steele
46,Steven,Smith
424,Jennifer,Miller
168,Jennifer,Kerr
84,Michelle,Nichols
220,Alec,Reed
307,Christopher,Potts
219,Brandon,Bryant
475,Chad,Valentine
150,John,Washington
284,Louis,Johnson
522,Jennifer,Briggs
161,Paul,Delacruz
190,Andrea,Hutchinson
574,Brian,Williams
3,Cynthia,Dudley
525,Raymond,Barrett
403,Anthony,Forbes
293,Crystal,Holder
172,Lori,Bailey
87,Pamela,May
127,Geoffrey,Smith
529,Karen,Parker
300,Lisa,Washington
565,Carolyn,Bean
447,Anthony,Wheeler
364,Jamie,Phillips
442,Patricia,Owens
557,Pamela,Jones
101,Lindsay,Burns
154,Brianna,Schwartz
159,Amanda,Thomas
445,Regina,Hester
32,Joshua,Howard
491,Julie,King
398,Thomas,Robinson
476,Roy,Cook
95,Mr.,Derek
228,Daniel,Long
501,Matthew,Murray
64,James,Williamson
526,Cody,Evans
287,Jessica,Rush
199,Tammy,Scott
145,Albert,Perez
179,Cory,Long
111,Brooke,King
421,Kimberly,Booth
434,Jennifer,Harrison
113,Ryan,Burton
110,Larry,Kelly
480,Monica,Baker
374,Amy,Kirk
138,Marc,Brown
223,Shannon,Robinson
169,Taylor,Hardy
589,Denise,Brady
514,Sandra,Wagner
315,Denise,Torres
493,Lisa,Simmons
450,Jill,Rollins
106,Michael,Rich
376,Patricia,Lindsey
55,Michael,Morris
572,Ricky,Wyatt
463,Philip,Miller
324,Melissa,Davenport
253,Ashley,Krause
155,Candace,Richardson
76,Donald,Moran
588,Danielle,Turner
173,Tara,Pham
181,Christine,Craig
186,Alicia,Grant
386,Sharon,Moore
69,Jerry,Burton
490,Danielle,Rodriguez
308,Lisa,Jones
244,Scott,Torres
538,Laura,Wagner
294,Carlos,Reyes
393,Connie,Peterson
332,Wendy,Santos
590,Jason,Brooks
537,Aaron,Lawson
426,Patrick,Burton
554,Alicia,Hunt
494,Hayley,Thomas
580,Kevin,Wallace
595,Christopher,Schwartz
471,Alvin,Boyd
372,Keith,Bailey
407,Sydney,Boyer
495,Brian,Robinson
241,Dennis,Bryant
360,Heather,Meyer
428,Norman,Avila
42,Crystal,Holt
465,Sarah,Serrano
396,Gabrielle,Scott
281,Jay,Hall
327,Donna,Gregory
578,Jodi,Middleton
166,Stuart,Walker
415,Crystal,Johnson
313,James,Brown
338,Sarah,Ramirez
148,Alejandro,Duncan
461,Kimberly,Brown
411,Anita,Daniels
85,David,Whitehead
117,Shane,Mosley
330,John,Day
252,Joan,Rodriguez
518,James,Fowler
215,Courtney,Ramirez
259,Ronald,Mitchell
5,Benjamin,Best
363,Sean,Trujillo
454,Margaret,Cruz
276,Andrew,Miller
483,Kristin,Christensen
420,Joseph,Scott
576,Jason,Barajas
435,Bryan,King
563,Destiny,Rogers
146,Laura,Martinez
50,Jessica,Ortega
149,James,Copeland
124,Scott,Powers
352,Angie,Brooks
72,Robert,Lopez
27,Stephanie,Larsen
562,Angela,Brown
553,Adam,Ibarra
593,Gina,Hall
26,Vicki,Nelson
402,Tara,Miller
171,Derrick,Foster
235,Tracy,Townsend
225,Lauren,Perez
474,Michael,Shelton
441,Veronica,Hess
573,Peter,Smith
217,Jason,Clark
79,James,Sandoval
380,Amanda,Massey
517,Sandra,Obrien
530,Sarah,Stephens
122,Ellen,Murphy
406,Mary,Davis
358,Carlos,James
328,Ms.,Amber
8,Isaac,Gutierrez
99,Richard,Martinez
52,Ashley,Glover
326,Calvin,Anderson
339,William,Russo
477,Mrs.,Kimberly
62,Danielle,Burns
128,Mark,Owens
349,Joshua,Ross
192,Timothy,Goodwin
156,Isaiah,Wallace
561,Sarah,Cantrell
486,Laura,Hubbard
366,Elizabeth,Sullivan
115,Miss,Carolyn
385,Paul,Carr
550,Christian,Quinn
137,Tammy,Peterson
141,Megan,Li
66,Mindy,Carter
367,Clinton,Perkins
210,Patrick,Esparza
440,Stephanie,Graham
520,Jenny,Lloyd
581,Anthony,Edwards
279,James,Mckinney
262,John,Giles
11,Holly,Patterson
12,Gregory,Silva
123,Amber,Murray
513,Isabel,Hicks
216,Elizabeth,Adams
389,Angela,Luna
